"Modified_Value","Predicted_Demand","Feature"
3,NA,"overall_rating"
3.1,NA,"overall_rating"
3.2,NA,"overall_rating"
3.3,NA,"overall_rating"
3.4,NA,"overall_rating"
3.5,NA,"overall_rating"
3.6,NA,"overall_rating"
3.7,NA,"overall_rating"
3.8,NA,"overall_rating"
3.9,NA,"overall_rating"
4,NA,"overall_rating"
4.1,NA,"overall_rating"
4.2,NA,"overall_rating"
4.3,NA,"overall_rating"
4.4,NA,"overall_rating"
4.5,NA,"overall_rating"
4.6,NA,"overall_rating"
4.7,NA,"overall_rating"
4.8,NA,"overall_rating"
4.9,NA,"overall_rating"
5,NA,"overall_rating"
